{"lr":[6.291456000000001e-05],"val_loss":121.73524284362793,"val_loss_cross_time":0.4090490311384201,"_wandb":{"runtime":6},"_runtime":5.479143231,"train_loss":133.3087203462245,"train_loss_cross_time":0.4427016049118365,"epoch":1,"_step":0,"_timestamp":1.744151526214107e+09}