{"chart":{"_type":"plotly-file","sha256":"5c41b3f8b0277c39cb1ba7c51b71d45231f423b14628373a8cb25eb4a9644fed","size":19209,"path":"media/plotly/chart_2_5c41b3f8b0277c39cb1b.plotly.json"},"_step":2,"std_sq":0.24999781755635103,"_runtime":11.10368318,"epoch":17,"std":0.49999781755158795,"_wandb":{"runtime":17},"train_loss":0.38006969292958576,"val_loss":0.37544456124305725,"_timestamp":1.7419088091667747e+09,"lr":[0.0003]}