{"std":0.49999781755158795,"std_sq":0.24999781755635103,"_timestamp":1.7419086996160865e+09,"_runtime":1.574146901,"_step":0,"_wandb":{"runtime":2}}