{"epoch":1,"train_loss":56.092095057169594,"_timestamp":1.7436307020343442e+09,"_wandb":{"runtime":1},"train_loss_cross_time":0.08019809238612652,"_runtime":1.804731629,"val_loss":32.70842933654785,"lr":[0.01],"val_loss_cross_time":0.056148409843444824,"_step":1}