{"_timestamp":1.7428486489840605e+09,"_runtime":3.861212473,"_step":0,"epoch":1,"train_loss":4.105210930109024,"_wandb":{"runtime":4},"val_loss":0.578688383102417,"lr":[0.0003]}