{"_timestamp":1.741908578874981e+09,"_runtime":1.058722969,"_step":0,"_wandb":{"runtime":1},"std":0.49999781755158795,"std_sq":0.24999781755635103}