{"_timestamp":1.7419090339541898e+09,"train_loss":0.25772538781166077,"val_loss":0.2570655643939972,"epoch":100,"std":0.49999781755158795,"_wandb":{"runtime":52},"std_sq":0.24999781755635103,"chart":{"_type":"plotly-file","sha256":"eb87a142ef51c5bd9fdd90ecc1babc37b56fa917b07d2aefd83dcdfda5a3d008","size":31586,"path":"media/plotly/chart_10_eb87a142ef51c5bd9fdd.plotly.json"},"_runtime":52.037900111,"_step":10,"lr":[9.830400000000001e-05]}