{"_wandb":{"runtime":1},"_runtime":1.6512041100000001,"val_loss":25.886274337768555,"_step":1,"val_loss_cross_time":0.06676831468939781,"train_loss":55.4309508005778,"epoch":1,"lr":[0.01],"train_loss_cross_time":0.4784758637348811,"_timestamp":1.7436307730987997e+09}