{"_runtime":1.455688823,"_wandb":{"runtime":1},"_step":0,"std":0.49999781755158795,"std_sq":0.24999781755635103,"_timestamp":1.741908660320008e+09}